Time,LEPDiameter,REPDiameter,Fixation
1616125973297, 0,0,NULL
1616125973366, 0,0,NULL
1616125974042, 0,0,NULL
1616125974088, 0,0,NULL
1616125974099, 0,0,NULL
1616125974108, 0,0,NULL
1616125974116, 0,0,NULL
1616125974125, 0,0,NULL
1616125974135, 0,0,NULL
1616125974144, 0,0,NULL
1616125974153, 0,0,NULL
1616125974162, 0,0,NULL
1616125974174, 0,0,NULL
1616125974186, 0,0,NULL
1616125974197, 0,0,NULL
1616125974209, 0,0,NULL
1616125974219, 0,0,NULL
1616125974229, 0,0,NULL
1616125974239, 0,0,NULL
1616125974249, 0,0,NULL
1616125974259, 0,0,NULL
1616125974273, 0,0,NULL
1616125974289, 0,0,NULL
1616125974302, 0,0,NULL
1616125974312, 0,0,NULL
1616125974336, 0,0,NULL
1616125974352, 0,0,NULL
1616125974362, 0,0,NULL
1616125974372, 0,0,NULL
1616125974380, 0,0,NULL
1616125974389, 0,0,NULL
1616125974399, 0,0,NULL
1616125974408, 0,0,NULL
1616125974417, 0,0,NULL
1616125974426, 0,0,NULL
1616125974434, 0,0,NULL
1616125974442, 0,0,NULL
1616125974450, 0,0,NULL
1616125974458, 0,0,NULL
1616125974467, 0,0,NULL
1616125974475, 0,0,NULL
1616125974483, 0,0,NULL
1616125974491, 0,0,NULL
1616125974499, 0,0,NULL
1616125974508, 0,0,NULL
1616125974516, 0,0,NULL
1616125974524, 0,0,NULL
1616125974532, 0,0,NULL
1616125974540, 0,0,NULL
1616125974548, 0,0,NULL
1616125974557, 0,0,NULL
1616125974566, 0,0,NULL
1616125974575, 0,0,NULL
1616125974584, 0,0,NULL
1616125974593, 0,0,NULL
1616125974604, 0,0,NULL
1616125974615, 0,0,NULL
1616125974625, 0,0,NULL
1616125974635, 0,0,NULL
1616125974644, 0,0,NULL
1616125974654, 0,0,NULL
1616125974664, 0,0,NULL
1616125974674, 0,0,NULL
1616125974684, 0,0,NULL
1616125974695, 0,0,NULL
1616125974704, 0,0,NULL
1616125974715, 0,0,NULL
1616125974724, 0,0,NULL
1616125974734, 0,0,NULL
1616125974744, 0,0,NULL
1616125974753, 0,0,NULL
1616125974763, 0,0,NULL
1616125974773, 0,0,NULL
1616125974782, 0,0,NULL
1616125974792, 0,0,NULL
1616125974803, 0,0,NULL
1616125974813, 0,0,NULL
1616125974823, 0,0,NULL
1616125974833, 0,0,NULL
1616125974842, 0,0,NULL
1616125974853, 0,0,NULL
1616125974862, 0,0,NULL
1616125974872, 0,0,NULL
1616125974882, 0,0,NULL
1616125974891, 0,0,NULL
1616125974900, 0,0,NULL
1616125974909, 0,0,NULL
1616125974921, 0,0,NULL
1616125974931, 0,0,NULL
1616125974941, 0,0,NULL
1616125974951, 0,0,NULL
1616125974960, 0,0,NULL
1616125974970, 0,0,NULL
1616125974979, 0,0,NULL
1616125974988, 0,0,NULL
1616125974998, 0,0,NULL
1616125975006, 0,0,NULL
1616125975015, 0,0,NULL
1616125975023, 0,0,NULL
1616125975031, 0,0,NULL
1616125975040, 0,0,NULL
1616125975048, 0,0,NULL
1616125975057, 0,0,NULL
1616125975065, 0,0,NULL
1616125975073, 0,0,NULL
1616125975082, 0,0,NULL
1616125975090, 0,0,NULL
1616125975098, 0,0,NULL
1616125975108, 0,0,NULL
1616125975118, 0,0,NULL
1616125975127, 0,0,NULL
1616125975138, 0,0,NULL
1616125975147, 0,0,NULL
1616125975157, 0,0,NULL
1616125975167, 0,0,NULL
1616125975177, 0,0,NULL
1616125975187, 0,0,NULL
1616125975197, 0,0,NULL
1616125975208, 0,0,NULL
1616125975217, 0,0,NULL
1616125975228, 0,0,NULL
1616125975238, 0,0,NULL
1616125975248, 0,0,NULL
1616125975257, 0,0,NULL
1616125975268, 0,0,NULL
1616125975277, 0,0,NULL
1616125975286, 0,0,NULL
1616125975296, 0,0,NULL
1616125975306, 0,0,NULL
1616125975314, 0,0,NULL
1616125975323, 0,0,NULL
1616125975332, 0,0,NULL
1616125975340, 0,0,NULL
1616125975348, 0,0,NULL
1616125975356, 0,0,NULL
1616125975365, 0,0,NULL
1616125975374, 0,0,NULL
1616125975381, 0,0,NULL
1616125975389, 0,0,NULL
1616125975397, 0,0,NULL
1616125975406, 0,0,NULL
1616125975414, 0,0,NULL
1616125975422, 0,0,NULL
1616125975430, 0,0,NULL
1616125975438, 0,0,NULL
1616125975446, 0,0,NULL
1616125975454, 0,0,NULL
1616125975463, 0,0,NULL
1616125975471, 0,0,NULL
1616125975480, 0,0,NULL
1616125975490, 0,0,NULL
1616125975499, 0,0,NULL
1616125975508, 0,0,NULL
1616125975518, 0,0,NULL
1616125975527, 0,0,NULL
1616125975536, 0,0,NULL
1616125975545, 0,0,NULL
1616125975553, 0,0,NULL
1616125975561, 0,0,NULL
1616125975569, 0,0,NULL
1616125975577, 0,0,NULL
1616125975585, 0,0,NULL
1616125975601, 0,0,NULL
1616125975613, 0,0,NULL
1616125975622, 0,0,NULL
1616125975630, 0,0,NULL
1616125975638, 0,0,NULL
1616125975647, 0,0,NULL
1616125975655, 0,0,NULL
1616125975663, 0,0,NULL
1616125975671, 0,0,NULL
1616125975679, 0,0,NULL
1616125975695, 0,0,NULL
1616125975705, 0,0,NULL
1616125975713, 0,0,NULL
1616125975722, 0,0,NULL
1616125975730, 0,0,NULL
1616125975739, 0,0,NULL
1616125975747, 0,0,NULL
1616125975756, 0,0,NULL
1616125975764, 0,0,NULL
1616125975773, 0,0,NULL
1616125975781, 0,0,NULL
1616125975790, 0,0,NULL
1616125975798, 0,0,NULL
1616125975806, 0,0,NULL
1616125975814, 0,0,NULL
1616125975823, 0,0,NULL
1616125975831, 0,0,NULL
1616125975839, 0,0,NULL
1616125975848, 0,0,NULL
1616125975856, 0,0,NULL
1616125975865, 0,0,NULL
1616125975873, 0,0,NULL
1616125975881, 0,0,NULL
1616125975890, 0,0,NULL
1616125975899, 0,0,NULL
1616125975909, 0,0,NULL
1616125975918, 0,0,NULL
1616125975928, 0,0,NULL
1616125975937, 0,0,NULL
1616125975947, 0,0,NULL
1616125975958, 0,0,NULL
1616125975967, 0,0,NULL
1616125975978, 0,0,NULL
1616125975988, 0,0,NULL
1616125975999, 0,0,NULL
1616125976008, 0,0,NULL
1616125976018, 0,0,NULL
1616125976027, 0,0,NULL
1616125976037, 0,0,NULL
1616125976047, 0,0,NULL
1616125976056, 0,0,NULL
1616125976067, 0,0,NULL
1616125976076, 0,0,NULL
1616125976085, 0,0,NULL
1616125976094, 0,0,NULL
1616125976104, 0,0,NULL
1616125976116, 0,0,NULL
1616125976125, 0,0,NULL
1616125976134, 0,0,NULL
1616125976145, 0,0,NULL
1616125976154, 0,0,NULL
1616125976163, 0,0,NULL
1616125976172, 0,0,NULL
1616125976181, 0,0,NULL
1616125976190, 0,0,NULL
1616125976199, 0,0,NULL
1616125976209, 0,0,NULL
1616125976218, 0,0,NULL
1616125976228, 0,0,NULL
1616125976238, 0,0,NULL
1616125976247, 0,0,NULL
1616125976256, 0,0,NULL
1616125976266, 0,0,NULL
1616125976275, 0,0,NULL
1616125976285, 0,0,NULL
1616125976295, 0,0,NULL
1616125976303, 0,0,NULL
1616125976313, 0,0,NULL
1616125976321, 0,0,NULL
1616125976330, 0,0,NULL
1616125976339, 0,0,NULL
1616125976347, 0,0,NULL
1616125976355, 0,0,NULL
1616125976364, 0,0,NULL
1616125976376, 0,0,NULL
1616125976397, 0,0,NULL
1616125976428, 0,0,NULL
1616125976436, 0,0,NULL
1616125976445, 0,0,NULL
1616125976454, 0,0,NULL
1616125976463, 0,0,NULL
1616125976471, 0,0,NULL
1616125976479, 0,0,NULL
1616125976487, 0,0,NULL
1616125976498, 0,0,NULL
1616125976507, 0,0,NULL
1616125976515, 0,0,NULL
1616125976523, 0,0,NULL
1616125976532, 0,0,NULL
1616125976540, 0,0,NULL
1616125976549, 0,0,NULL
1616125976569, 0,0,NULL
1616125976586, 0,0,NULL
1616125976610, 0,0,NULL
1616125976623, 0,0,NULL
1616125976640, 0,0,NULL
1616125976653, 0,0,NULL
1616125976663, 0,0,NULL
1616125976672, 0,0,NULL
1616125976683, 0,0,NULL
1616125976692, 0,0,NULL
1616125976701, 0,0,NULL
1616125976710, 0,0,NULL
1616125976721, 0,0,NULL
1616125976732, 0,0,NULL
1616125976742, 0,0,NULL
1616125976750, 0,0,NULL
1616125976759, 0,0,NULL
1616125976772, 0,0,NULL
1616125976783, 0,0,NULL
1616125976791, 0,0,NULL
1616125976799, 0,0,NULL
1616125976809, 0,0,NULL
1616125976818, 0,0,NULL
1616125976826, 0,0,NULL
1616125976836, 0,0,NULL
1616125976849, 0,0,NULL
1616125976863, 0,0,NULL
1616125976874, 0,0,NULL
1616125976883, 0,0,NULL
1616125976893, 0,0,NULL
1616125976901, 0,0,NULL
1616125976910, 0,0,NULL
1616125976919, 0,0,NULL
1616125976930, 0,0,NULL
1616125976941, 0,0,NULL
1616125976949, 0,0,NULL
1616125976958, 0,0,NULL
1616125976967, 0,0,NULL
1616125976974, 0,0,NULL
1616125976983, 0,0,NULL
1616125976994, 0,0,NULL
1616125977005, 0,0,NULL
1616125977014, 0,0,NULL
1616125977022, 0,0,NULL
1616125977030, 0,0,NULL
1616125977038, 0,0,NULL
1616125977051, 0,0,NULL
1616125977065, 0,0,NULL
1616125977075, 0,0,NULL
1616125977083, 0,0,NULL
1616125977091, 0,0,NULL
1616125977099, 0,0,NULL
1616125977107, 0,0,NULL
1616125977117, 0,0,NULL
1616125977125, 0,0,NULL
1616125977134, 0,0,NULL
1616125977142, 0,0,NULL
1616125977153, 0,0,NULL
1616125977161, 0,0,NULL
1616125977170, 0,0,NULL
1616125977178, 0,0,NULL
1616125977187, 0,0,NULL
1616125977205, 0,0,NULL
1616125977216, 0,0,NULL
1616125977226, 0,0,NULL
1616125977236, 0,0,NULL
1616125977247, 0,0,NULL
1616125977256, 0,0,NULL
1616125977266, 0,0,NULL
1616125977276, 0,0,NULL
1616125977285, 0,0,NULL
1616125977296, 0,0,NULL
1616125977307, 0,0,NULL
1616125977317, 0,0,NULL
1616125977327, 0,0,NULL
1616125977337, 0,0,NULL
1616125977347, 0,0,NULL
1616125977357, 0,0,NULL
1616125977367, 0,0,NULL
1616125977376, 0,0,NULL
1616125977386, 0,0,NULL
1616125977395, 0,0,NULL
1616125977403, 0,0,NULL
1616125977412, 0,0,NULL
1616125977422, 0,0,NULL
1616125977431, 0,0,NULL
1616125977439, 0,0,NULL
1616125977448, 0,0,NULL
1616125977458, 0,0,NULL
1616125977467, 0,0,NULL
1616125977476, 0,0,NULL
1616125977486, 0,0,NULL
1616125977495, 0,0,NULL
1616125977504, 0,0,NULL
1616125977513, 0,0,NULL
1616125977522, 0,0,NULL
1616125977530, 0,0,NULL
1616125977538, 0,0,NULL
1616125977548, 0,0,NULL
1616125977557, 0,0,NULL
1616125977565, 0,0,NULL
1616125977574, 0,0,NULL
1616125977583, 0,0,NULL
1616125977592, 0,0,NULL
1616125977600, 0,0,NULL
1616125977609, 0,0,NULL
1616125977619, 0,0,NULL
1616125977628, 0,0,NULL
1616125977637, 0,0,NULL
1616125977647, 0,0,NULL
1616125977656, 0,0,NULL
1616125977664, 0,0,NULL
1616125977672, 0,0,NULL
1616125977681, 0,0,NULL
1616125977692, 0,0,NULL
1616125977702, 0,0,NULL
1616125977710, 0,0,NULL
1616125977719, 0,0,NULL
1616125977728, 0,0,NULL
1616125977736, 0,0,NULL
1616125977746, 0,0,NULL
1616125977755, 0,0,NULL
1616125977764, 0,0,NULL
1616125977772, 0,0,NULL
1616125977780, 0,0,NULL
1616125977789, 0,0,NULL
1616125977797, 0,0,NULL
1616125977808, 0,0,NULL
1616125977817, 0,0,NULL
1616125977825, 0,0,NULL
1616125977834, 0,0,NULL
1616125977842, 0,0,NULL
1616125977850, 0,0,NULL
1616125977858, 0,0,NULL
1616125977867, 0,0,NULL
1616125977876, 0,0,NULL
1616125977884, 0,0,NULL
1616125977892, 0,0,NULL
1616125977901, 0,0,NULL
1616125977910, 0,0,NULL
1616125977919, 0,0,NULL
1616125977929, 0,0,NULL
1616125977939, 0,0,NULL
1616125977949, 0,0,NULL
1616125977959, 0,0,NULL
1616125977969, 0,0,NULL
1616125977978, 0,0,NULL
1616125977988, 0,0,NULL
1616125977998, 0,0,NULL
1616125978009, 0,0,NULL
1616125978022, 0,0,NULL
1616125978032, 0,0,NULL
1616125978042, 0,0,NULL
1616125978052, 0,0,NULL
1616125978062, 0,0,NULL
1616125978072, 0,0,NULL
1616125978083, 0,0,NULL
1616125978092, 0,0,NULL
1616125978102, 0,0,NULL
1616125978111, 0,0,NULL
1616125978122, 0,0,NULL
1616125978131, 0,0,NULL
1616125978140, 0,0,NULL
1616125978149, 0,0,NULL
1616125978158, 0,0,NULL
1616125978167, 0,0,NULL
1616125978176, 0,0,NULL
1616125978185, 0,0,NULL
1616125978194, 0,0,NULL
1616125978203, 0,0,NULL
1616125978211, 0,0,NULL
1616125978219, 0,0,NULL
1616125978228, 0,0,NULL
1616125978236, 0,0,NULL
1616125978245, 0,0,NULL
1616125978253, 0,0,NULL
1616125978261, 0,0,NULL
1616125978271, 0,0,NULL
1616125978280, 0,0,NULL
1616125978288, 0,0,NULL
1616125978297, 0,0,NULL
1616125978305, 0,0,NULL
1616125978314, 0,0,NULL
1616125978323, 0,0,NULL
1616125978332, 0,0,NULL
1616125978341, 0,0,NULL
1616125978350, 0,0,NULL
1616125978358, 0,0,NULL
1616125978367, 0,0,NULL
1616125978377, 0,0,NULL
1616125978387, 0,0,NULL
1616125978397, 0,0,NULL
1616125978407, 0,0,NULL
1616125978423, 0,0,NULL
1616125978434, 0,0,NULL
1616125978445, 0,0,NULL
1616125978455, 0,0,NULL
1616125978465, 0,0,NULL
1616125978475, 0,0,NULL
1616125978484, 0,0,NULL
1616125978495, 0,0,NULL
1616125978505, 0,0,NULL
1616125978515, 0,0,NULL
1616125978526, 0,0,NULL
1616125978535, 0,0,NULL
1616125978545, 0,0,NULL
1616125978555, 0,0,NULL
1616125978564, 0,0,NULL
1616125978573, 0,0,NULL
1616125978584, 0,0,NULL
1616125978593, 0,0,NULL
1616125978603, 0,0,NULL
1616125978612, 0,0,NULL
1616125978622, 0,0,NULL
1616125978632, 0,0,NULL
1616125978641, 0,0,NULL
1616125978651, 0,0,NULL
1616125978660, 0,0,NULL
1616125978669, 0,0,NULL
1616125978679, 0,0,NULL
1616125978689, 0,0,NULL
1616125978699, 0,0,NULL
1616125978709, 0,0,NULL
1616125978718, 0,0,NULL
1616125978727, 0,0,NULL
1616125978736, 0,0,NULL
1616125978747, 0,0,NULL
1616125978756, 0,0,NULL
1616125978765, 0,0,NULL
1616125978776, 0,0,NULL
1616125978786, 0,0,NULL
1616125978795, 0,0,NULL
1616125978806, 0,0,NULL
1616125978817, 0,0,NULL
1616125978826, 0,0,NULL
1616125978835, 0,0,NULL
1616125978844, 0,0,NULL
1616125978853, 0,0,NULL
1616125978861, 0,0,NULL
1616125978870, 0,0,NULL
1616125978878, 0,0,NULL
1616125978886, 0,0,NULL
1616125978894, 0,0,NULL
1616125978903, 0,0,NULL
1616125978911, 0,0,NULL
1616125978919, 0,0,NULL
1616125978928, 0,0,NULL
1616125978936, 0,0,NULL
1616125978944, 0,0,NULL
1616125978954, 0,0,NULL
1616125978963, 0,0,NULL
1616125978971, 0,0,NULL
1616125978979, 0,0,NULL
1616125978987, 0,0,NULL
1616125978996, 0,0,NULL
1616125979005, 0,0,NULL
1616125979014, 0,0,NULL
1616125979022, 0,0,NULL
1616125979030, 0,0,NULL
1616125979038, 0,0,NULL
1616125979046, 0,0,NULL
1616125979072, 0,0,Obstacle2
1616125979084, 0,0,Obstacle2
1616125979095, 0,0,Obstacle2
1616125979105, 0,0,Obstacle2
1616125979114, 0,0,Obstacle2
1616125979122, 0,0,Obstacle2
1616125979131, 0,0,Obstacle2
1616125979145, 0,0,Obstacle2
1616125979153, 0,0,Obstacle2
1616125979163, 0,0,Obstacle2
1616125979177, 0,0,Obstacle2
1616125979190, 0,0,Obstacle2
1616125979200, 0,0,Obstacle2
1616125979212, 0,0,Obstacle2
1616125979222, 0,0,Obstacle2
1616125979233, 0,0,Obstacle2
1616125979243, 0,0,Obstacle2
1616125979252, 0,0,Obstacle2
1616125979262, 0,0,Obstacle2
1616125979273, 0,0,Obstacle2
1616125979283, 0,0,Obstacle2
1616125979295, 0,0,Obstacle2
1616125979306, 0,0,Obstacle2
1616125979316, 0,0,Obstacle2
1616125979325, 0,0,Obstacle2
1616125979335, 0,0,Obstacle2
1616125979349, 0,0,Obstacle2
1616125979365, 0,0,Obstacle2
1616125979377, 0,0,Obstacle2
1616125979388, 0,0,Obstacle2
1616125979399, 0,0,Obstacle2
1616125979413, 0,0,Obstacle2
1616125979425, 0,0,Obstacle2
1616125979436, 0,0,Obstacle2
1616125979449, 0,0,Obstacle2
1616125979461, 0,0,Obstacle2
1616125979472, 0,0,Obstacle2
1616125979484, 0,0,Obstacle2
1616125979496, 0,0,Obstacle2
1616125979508, 0,0,Obstacle2
1616125979519, 0,0,Obstacle2
1616125979531, 0,0,Obstacle2
1616125979542, 0,0,Obstacle2
1616125979558, 0,0,Obstacle2
1616125979570, 0,0,Obstacle2
1616125979581, 0,0,Obstacle2
1616125979592, 0,0,Obstacle2
1616125979603, 0,0,Obstacle2
1616125979615, 0,0,Obstacle2
1616125979627, 0,0,Obstacle2
1616125979639, 0,0,Obstacle2
1616125979650, 0,0,Obstacle2
1616125979661, 0,0,Obstacle2
1616125979672, 0,0,Obstacle2
1616125979684, 0,0,Obstacle2
1616125979695, 0,0,Obstacle2
1616125979707, 0,0,Obstacle2
1616125979718, 0,0,Obstacle2
1616125979729, 0,0,Obstacle2
1616125979737, 0,0,Obstacle2
1616125979746, 0,0,Obstacle2
1616125979756, 0,0,Obstacle2
1616125979767, 0,0,Obstacle2
1616125979775, 0,0,Obstacle2
1616125979784, 0,0,Obstacle2
1616125979793, 0,0,Obstacle2
1616125979802, 0,0,Obstacle2
1616125979811, 0,0,Obstacle2
1616125979819, 0,0,Obstacle2
1616125979830, 0,0,Obstacle2
1616125979841, 0,0,Obstacle2
1616125979849, 0,0,Obstacle2
1616125979860, 0,0,Obstacle2
1616125979874, 0,0,Obstacle2
1616125979885, 0,0,Obstacle2
1616125979897, 0,0,Obstacle2
1616125979908, 0,0,Obstacle2
1616125979918, 0,0,Obstacle2
1616125979929, 0,0,Obstacle2
1616125979939, 0,0,Obstacle2
1616125979948, 0,0,Obstacle2
1616125979960, 0,0,Obstacle2
1616125979968, 0,0,Obstacle2
1616125979977, 0,0,Obstacle2
1616125979986, 0,0,Obstacle2
1616125979995, 0,0,Obstacle2
1616125980004, 0,0,Obstacle2
1616125980014, 0,0,Obstacle2
1616125980024, 0,0,Obstacle2
1616125980048, 0,0,Obstacle2
1616125980060, 0,0,Obstacle2
1616125980069, 0,0,Obstacle2
1616125980078, 0,0,Obstacle2
1616125980094, 0,0,Obstacle2
1616125980106, 0,0,Obstacle2
1616125980118, 0,0,Obstacle2
1616125980131, 0,0,Obstacle2
1616125980151, 0,0,Obstacle2
1616125980172, 0,0,Obstacle2
1616125980188, 0,0,Obstacle2
1616125980209, 0,0,Obstacle2
1616125980227, 0,0,Obstacle2
1616125980260, 0,0,Obstacle2
1616125980293, 0,0,Obstacle2
1616125980306, 0,0,Obstacle2
1616125980317, 0,0,Obstacle2
1616125980329, 0,0,Obstacle2
1616125980342, 0,0,Obstacle2
1616125980353, 0,0,Obstacle2
1616125980368, 0,0,Obstacle2
1616125980380, 0,0,Obstacle2
1616125980392, 0,0,Obstacle2
1616125980404, 0,0,Obstacle2
1616125980472, 0,0,Obstacle2
1616125980494, 0,0,Obstacle2
1616125980506, 0,0,Obstacle2
1616125980516, 0,0,Obstacle2
1616125980529, 0,0,Obstacle2
1616125980540, 0,0,Obstacle2
1616125980553, 0,0,Obstacle2
1616125980565, 0,0,Obstacle2
1616125980582, 0,0,Obstacle2
1616125980593, 0,0,Obstacle2
1616125980604, 0,0,Obstacle2
1616125980619, 0,0,Obstacle2
1616125980632, 0,0,Obstacle2
1616125980653, 0,0,Obstacle2
1616125980665, 0,0,Obstacle2
1616125980679, 0,0,Obstacle2
1616125980692, 0,0,Obstacle2
1616125980704, 0,0,Obstacle2
1616125980718, 0,0,Obstacle2
1616125980737, 0,0,Obstacle2
1616125980749, 0,0,Obstacle2
1616125980760, 0,0,Obstacle2
1616125980769, 0,0,Obstacle2
1616125980785, 0,0,Obstacle2
1616125980805, 0,0,Obstacle2
1616125980813, 0,0,Obstacle2
1616125980823, 0,0,Obstacle2
1616125980831, 0,0,Obstacle2
1616125980840, 0,0,Obstacle2
1616125980848, 0,0,Obstacle2
1616125980857, 0,0,Obstacle2
1616125980865, 0,0,Obstacle2
1616125980873, 0,0,Obstacle2
1616125980883, 0,0,Obstacle2
1616125980892, 0,0,Obstacle2
1616125980901, 0,0,Obstacle2
1616125980912, 0,0,Obstacle2
1616125980923, 0,0,Obstacle2
1616125980936, 0,0,Obstacle2
1616125980960, 0,0,Obstacle2
1616125980972, 0,0,Obstacle2
1616125980988, 0,0,Obstacle2
1616125981001, 0,0,Obstacle2
1616125981013, 0,0,Obstacle2
1616125981026, 0,0,Obstacle2
1616125981037, 0,0,Obstacle2
1616125981049, 0,0,Obstacle2
1616125981063, 0,0,Obstacle2
1616125981075, 0,0,Obstacle2
1616125981088, 0,0,Obstacle2
1616125981118, 0,0,Obstacle2
1616125981131, 0,0,Obstacle2
1616125981142, 0,0,Obstacle2
1616125981153, 0,0,Obstacle2
1616125981164, 0,0,Obstacle2
1616125981176, 0,0,Obstacle2
1616125981192, 0,0,Obstacle2
1616125981203, 0,0,Obstacle2
1616125981213, 0,0,Obstacle2
1616125981221, 0,0,Obstacle2
1616125981230, 0,0,Obstacle2
1616125981240, 0,0,Obstacle2
1616125981256, 0,0,Obstacle2
1616125981265, 0,0,Obstacle2
1616125981276, 0,0,Obstacle2
1616125981285, 0,0,Obstacle2
1616125981299, 0,0,Obstacle2
1616125981309, 0,0,Obstacle2
1616125981318, 0,0,Obstacle2
1616125981327, 0,0,Obstacle2
1616125981335, 0,0,Obstacle2
1616125981343, 0,0,Obstacle2
1616125981351, 0,0,Obstacle2
1616125981359, 0,0,Obstacle2
1616125981368, 0,0,Obstacle2
1616125981376, 0,0,Obstacle2
1616125981389, 0,0,Obstacle2
1616125981397, 0,0,Obstacle2
1616125981405, 0,0,Obstacle2
1616125981413, 0,0,Obstacle2
1616125981430, 0,0,Obstacle2
1616125981439, 0,0,Obstacle2
1616125981447, 0,0,Obstacle2
1616125981457, 0,0,Obstacle2
1616125981465, 0,0,Obstacle2
1616125981473, 0,0,Obstacle2
1616125981482, 0,0,Obstacle2
1616125981490, 0,0,Obstacle2
1616125981498, 0,0,Obstacle2
1616125981506, 0,0,Obstacle2
1616125981514, 0,0,Obstacle2
1616125981523, 0,0,Obstacle2
1616125981531, 0,0,Obstacle2
1616125981539, 0,0,Obstacle2
1616125981548, 0,0,Obstacle2
1616125981556, 0,0,Obstacle2
1616125981564, 0,0,Obstacle2
1616125981571, 0,0,Obstacle2
1616125981580, 0,0,Obstacle2
1616125981592, 0,0,Obstacle2
1616125981600, 0,0,Obstacle2
1616125981608, 0,0,Obstacle2
1616125981617, 0,0,Obstacle2
1616125981626, 0,0,Obstacle2
1616125981633, 0,0,Obstacle2
1616125981642, 0,0,Obstacle2
1616125981650, 0,0,Obstacle2
1616125981660, 0,0,Obstacle2
1616125981669, 0,0,Obstacle2
1616125981677, 0,0,Obstacle2
1616125981693, 0,0,Obstacle2
1616125981702, 0,0,Obstacle2
1616125981717, 0,0,Obstacle2
1616125981726, 0,0,Obstacle2
1616125981734, 0,0,Obstacle2
1616125981746, 0,0,Obstacle2
1616125981754, 0,0,Obstacle2
1616125981763, 0,0,Obstacle2
1616125981772, 0,0,Obstacle2
1616125981780, 0,0,Obstacle2
1616125981793, 0,0,Obstacle2
1616125981802, 0,0,Obstacle2
1616125981810, 0,0,Obstacle2
1616125981819, 0,0,Obstacle2
1616125981827, 0,0,Obstacle2
1616125981835, 0,0,Obstacle2
1616125981843, 0,0,Obstacle2
1616125981852, 0,0,Obstacle2
1616125981860, 0,0,Obstacle2
1616125981868, 0,0,Obstacle2
1616125981876, 0,0,Obstacle2
1616125981884, 0,0,Obstacle2
1616125981892, 0,0,Obstacle2
1616125981901, 0,0,Obstacle2
1616125981909, 0,0,Obstacle2
1616125981918, 0,0,Obstacle2
1616125981926, 0,0,Obstacle2
1616125981934, 0,0,Obstacle2
1616125981943, 0,0,Obstacle2
1616125981959, 0,0,Obstacle2
1616125981968, 0,0,Obstacle2
1616125981976, 0,0,Obstacle2
1616125981984, 0,0,Obstacle2
1616125982002, 0,0,Obstacle2
1616125982013, 0,0,Obstacle2
1616125982024, 0,0,Obstacle2
1616125982035, 0,0,Obstacle2
1616125982046, 0,0,Obstacle2
1616125982058, 0,0,Obstacle2
1616125982069, 0,0,Obstacle2
1616125982077, 0,0,Obstacle2
1616125982088, 0,0,Obstacle2
1616125982096, 0,0,Obstacle2
1616125982108, 0,0,Obstacle2
1616125982116, 0,0,Obstacle2
1616125982128, 0,0,Obstacle2
1616125982139, 0,0,Obstacle2
1616125982148, 0,0,Obstacle2
1616125982157, 0,0,Obstacle2
1616125982165, 0,0,Obstacle2
1616125982176, 0,0,Obstacle2
1616125982185, 0,0,Obstacle2
1616125982197, 0,0,Obstacle2
1616125982209, 0,0,Obstacle2
1616125982220, 0,0,Obstacle2
1616125982229, 0,0,Obstacle2
1616125982245, 0,0,Obstacle2
1616125982253, 0,0,Obstacle2
1616125982262, 0,0,Obstacle2
1616125982270, 0,0,Obstacle2
1616125982278, 0,0,Obstacle2
1616125982289, 0,0,Obstacle2
1616125982301, 0,0,Obstacle2
1616125982310, 0,0,Obstacle2
1616125982318, 0,0,Obstacle2
1616125982327, 0,0,Obstacle2
1616125982335, 0,0,Obstacle2
1616125982344, 0,0,Obstacle2
1616125982352, 0,0,Obstacle2
1616125982360, 0,0,Obstacle2
1616125982369, 0,0,Obstacle2
1616125982377, 0,0,Obstacle2
1616125982386, 0,0,Obstacle2
1616125982398, 0,0,Obstacle2
1616125982406, 0,0,Obstacle2
1616125982414, 0,0,Obstacle2
1616125982423, 0,0,Obstacle2
1616125982432, 0,0,Obstacle2
1616125982440, 0,0,Obstacle2
1616125982448, 0,0,Obstacle2
1616125982456, 0,0,Obstacle2
1616125982465, 0,0,Obstacle2
1616125982473, 0,0,Obstacle2
1616125982494, 0,0,Obstacle2
1616125982502, 0,0,Obstacle2
1616125982511, 0,0,Obstacle2
1616125982519, 0,0,Obstacle2
1616125982528, 0,0,Obstacle2
1616125982538, 0,0,Obstacle2
1616125982547, 0,0,Obstacle2
1616125982555, 0,0,Obstacle2
1616125982566, 0,0,Obstacle2
1616125982574, 0,0,Obstacle2
1616125982583, 0,0,Obstacle2
1616125982591, 0,0,Obstacle2
1616125982606, 0,0,Obstacle2
1616125982618, 0,0,Obstacle2
1616125982629, 0,0,Obstacle2
1616125982641, 0,0,Obstacle2
1616125982652, 0,0,Obstacle2
1616125982663, 0,0,Obstacle2
1616125982674, 0,0,Obstacle2
1616125982686, 0,0,Obstacle2
1616125982696, 0,0,Obstacle2
1616125982707, 0,0,Obstacle2
1616125982715, 0,0,Obstacle2
1616125982723, 0,0,Obstacle2
1616125982731, 0,0,Obstacle2
1616125982741, 0,0,Obstacle2
1616125982760, 0,0,Obstacle2
1616125982769, 0,0,Obstacle2
1616125982777, 0,0,Obstacle2
1616125982785, 0,0,Obstacle2
1616125982796, 0,0,Obstacle2
1616125982812, 0,0,Obstacle2
1616125982823, 0,0,Obstacle2
1616125982832, 0,0,Obstacle2
1616125982843, 0,0,Obstacle2
1616125982853, 0,0,Obstacle2
1616125982864, 0,0,Obstacle2
1616125982875, 0,0,Obstacle2
1616125982883, 0,0,Obstacle2
1616125982892, 0,0,Obstacle2
1616125982903, 0,0,Obstacle2
1616125982911, 0,0,Obstacle2
1616125982920, 0,0,Obstacle2
1616125982929, 0,0,Obstacle2
1616125982937, 0,0,Obstacle2
1616125982946, 0,0,Obstacle2
1616125982954, 0,0,Obstacle2
1616125982962, 0,0,Obstacle2
1616125982971, 0,0,Obstacle2
1616125982979, 0,0,Obstacle2
1616125982987, 0,0,Obstacle2
1616125983004, 0,0,Obstacle2
1616125983017, 0,0,Obstacle2
1616125983026, 0,0,Obstacle2
1616125983034, 0,0,Obstacle2
1616125983043, 0,0,Obstacle2
1616125983052, 0,0,Obstacle2
1616125983060, 0,0,Obstacle2
1616125983071, 0,0,Obstacle2
1616125983080, 0,0,Obstacle2
1616125983088, 0,0,Obstacle2
1616125983098, 0,0,Obstacle2
1616125983109, 0,0,Obstacle2
1616125983118, 0,0,Obstacle2
1616125983126, 0,0,Obstacle2
1616125983134, 0,0,Obstacle2
1616125983143, 0,0,Obstacle2
1616125983151, 0,0,Obstacle2
1616125983159, 0,0,Obstacle2
1616125983167, 0,0,Obstacle2
1616125983177, 0,0,Obstacle2
1616125983186, 0,0,Obstacle2
1616125983194, 0,0,Obstacle2
1616125983203, 0,0,Obstacle2
1616125983211, 0,0,Obstacle2
1616125983224, 0,0,Obstacle2
1616125983243, 0,0,Obstacle2
1616125983252, 0,0,Obstacle2
1616125983261, 0,0,Obstacle2
1616125983270, 0,0,Obstacle2
1616125983278, 0,0,Obstacle2
1616125983287, 0,0,Obstacle2
1616125983298, 0,0,Obstacle2
1616125983308, 0,0,Obstacle2
1616125983316, 0,0,Obstacle2
1616125983324, 0,0,Obstacle2
1616125983332, 0,0,Obstacle2
1616125983343, 0,0,Obstacle2
1616125983352, 0,0,Obstacle2
1616125983360, 0,0,Obstacle2
1616125983368, 0,0,Obstacle2
1616125983377, 0,0,Obstacle2
1616125983385, 0,0,Obstacle2
1616125983394, 0,0,Obstacle2
1616125983403, 0,0,Obstacle2
1616125983411, 0,0,Obstacle2
1616125983419, 0,0,Obstacle2
1616125983432, 0,0,Obstacle2
1616125983440, 0,0,Obstacle2
1616125983448, 0,0,Obstacle2
1616125983457, 0,0,Obstacle2
1616125983473, 0,0,Obstacle2
1616125983482, 0,0,Obstacle2
1616125983491, 0,0,Obstacle2
1616125983499, 0,0,Obstacle2
1616125983508, 0,0,Obstacle2
1616125983516, 0,0,Obstacle2
1616125983524, 0,0,Obstacle2
1616125983533, 0,0,Obstacle2
1616125983541, 0,0,Obstacle2
1616125983551, 0,0,Obstacle2
1616125983559, 0,0,Obstacle2
1616125983568, 0,0,Obstacle2
1616125983576, 0,0,Obstacle2
1616125983584, 0,0,Obstacle2
1616125983592, 0,0,Obstacle2
1616125983601, 0,0,Obstacle2
1616125983609, 0,0,Obstacle2
1616125983618, 0,0,Obstacle2
1616125983626, 0,0,Obstacle2
1616125983639, 0,0,Obstacle2
1616125983647, 0,0,Obstacle2
1616125983655, 0,0,Obstacle2
1616125983664, 0,0,Obstacle2
1616125983673, 0,0,Obstacle2
1616125983689, 0,0,Obstacle2
1616125983697, 0,0,Obstacle2
1616125983705, 0,0,Obstacle2
1616125983714, 0,0,Obstacle2
1616125983722, 0,0,Obstacle2
1616125983731, 0,0,Obstacle2
1616125983739, 0,0,Obstacle2
1616125983748, 0,0,Obstacle2
1616125983756, 0,0,Obstacle2
1616125983765, 0,0,Obstacle2
1616125983773, 0,0,Obstacle2
1616125983781, 0,0,Obstacle2
1616125983789, 0,0,Obstacle2
1616125983798, 0,0,Obstacle2
1616125983806, 0,0,Obstacle2
1616125983815, 0,0,Obstacle2
1616125983823, 0,0,Obstacle2
1616125983832, 0,0,Obstacle2
1616125983846, 0,0,Obstacle2
1616125983854, 0,0,Obstacle2
1616125983863, 0,0,Obstacle2
1616125983872, 0,0,Obstacle2
1616125983880, 0,0,Obstacle2
1616125983897, 0,0,Obstacle2
1616125983905, 0,0,Obstacle2
1616125983914, 0,0,Obstacle2
1616125983923, 0,0,Obstacle2
1616125983932, 0,0,Obstacle2
1616125983940, 0,0,Obstacle2
1616125983949, 0,0,Obstacle2
1616125983957, 0,0,Obstacle2
1616125983965, 0,0,Obstacle2
1616125983974, 0,0,Obstacle2
1616125983982, 0,0,Obstacle2
1616125983990, 0,0,Obstacle2
1616125983999, 0,0,Obstacle2
1616125984008, 0,0,Obstacle2
1616125984016, 0,0,Obstacle2
1616125984024, 0,0,Obstacle2
1616125984032, 0,0,Obstacle2
1616125984045, 0,0,Obstacle2
1616125984054, 0,0,Obstacle2
1616125984063, 0,0,Obstacle2
1616125984071, 0,0,Obstacle2
1616125984079, 0,0,Obstacle2
1616125984088, 0,0,Obstacle2
1616125984104, 0,0,Obstacle2
1616125984112, 0,0,Obstacle2
1616125984121, 0,0,Obstacle2
1616125984129, 0,0,Obstacle2
1616125984138, 0,0,Obstacle2
1616125984146, 0,0,Obstacle2
1616125984155, 0,0,Obstacle2
1616125984164, 0,0,Obstacle2
1616125984176, 0,0,Obstacle2
1616125984185, 0,0,Obstacle2
1616125984194, 0,0,Obstacle2
1616125984204, 0,0,Obstacle2
1616125984213, 0,0,Obstacle2
1616125984221, 0,0,Obstacle2
1616125984232, 0,0,Obstacle2
1616125984240, 0,0,Obstacle2
1616125984252, 0,0,Obstacle2
1616125984260, 0,0,Obstacle2
1616125984268, 0,0,Obstacle2
1616125984277, 0,0,Obstacle2
1616125984286, 0,0,Obstacle2
1616125984294, 0,0,Obstacle2
1616125984303, 0,0,Obstacle2
1616125984319, 0,0,Obstacle2
1616125984328, 0,0,Obstacle2
1616125984336, 0,0,Obstacle2
1616125984345, 0,0,Obstacle2
1616125984353, 0,0,Obstacle2
1616125984362, 0,0,Obstacle2
1616125984370, 0,0,Obstacle2
1616125984378, 0,0,Obstacle2
1616125984386, 0,0,Obstacle2
1616125984395, 0,0,Obstacle2
1616125984403, 0,0,Obstacle2
1616125984411, 0,0,Obstacle2
1616125984419, 0,0,Obstacle2
1616125984429, 0,0,Obstacle2
1616125984437, 0,0,Obstacle2
1616125984445, 0,0,Obstacle2
1616125984458, 0,0,Obstacle2
1616125984466, 0,0,Obstacle2
1616125984476, 0,0,Obstacle2
1616125984484, 0,0,Obstacle2
1616125984493, 0,0,Obstacle2
1616125984501, 0,0,Obstacle2
1616125984517, 0,0,Obstacle2
1616125984526, 0,0,Obstacle2
1616125984534, 0,0,Obstacle2
1616125984546, 0,0,Obstacle2
1616125984554, 0,0,Obstacle2
1616125984563, 0,0,Obstacle2
1616125984571, 0,0,Obstacle2
1616125984579, 0,0,Obstacle2
1616125984588, 0,0,Obstacle2
1616125984596, 0,0,Obstacle2
1616125984604, 0,0,Obstacle2
1616125984612, 0,0,Obstacle2
1616125984621, 0,0,Obstacle2
1616125984630, 0,0,Obstacle2
1616125984638, 0,0,Obstacle2
1616125984646, 0,0,Obstacle2
1616125984658, 0,0,Obstacle2
1616125984667, 0,0,Obstacle2
1616125984676, 0,0,Obstacle2
1616125984685, 0,0,Obstacle2
1616125984694, 0,0,Obstacle2
1616125984711, 0,0,Obstacle2
1616125984719, 0,0,Obstacle2
1616125984727, 0,0,Obstacle2
1616125984735, 0,0,Obstacle2
1616125984747, 0,0,Obstacle2
1616125984755, 0,0,Obstacle2
1616125984764, 0,0,Obstacle2
1616125984772, 0,0,Obstacle2
1616125984781, 0,0,Obstacle2
1616125984790, 0,0,Obstacle2
1616125984798, 0,0,Obstacle2
1616125984807, 0,0,Obstacle2
1616125984815, 0,0,Obstacle2
1616125984823, 0,0,Obstacle2
1616125984831, 0,0,Obstacle2
1616125984840, 0,0,Obstacle2
1616125984848, 0,0,Obstacle2
1616125984860, 0,0,Obstacle2
1616125984869, 0,0,Obstacle2
1616125984877, 0,0,Obstacle2
1616125984886, 0,0,Obstacle2
1616125984895, 0,0,Obstacle2
1616125984910, 0,0,Obstacle2
1616125984918, 0,0,Obstacle2
1616125984926, 0,0,Obstacle2
1616125984935, 0,0,Obstacle2
1616125984944, 0,0,Obstacle2
1616125984952, 0,0,Obstacle2
1616125984960, 0,0,Obstacle2
1616125984971, 0,0,Obstacle2
1616125984982, 0,0,Obstacle2
1616125984994, 0,0,Obstacle2
1616125985005, 0,0,Obstacle2
1616125985016, 0,0,Obstacle2
1616125985027, 0,0,Obstacle2
1616125985039, 0,0,Obstacle2
1616125985050, 0,0,Obstacle2
1616125985066, 0,0,Obstacle2
1616125985077, 0,0,Obstacle2
1616125985088, 0,0,Obstacle2
1616125985107, 0,0,Obstacle2
1616125985119, 0,0,Obstacle2
1616125985138, 0,0,Obstacle2
1616125985149, 0,0,Obstacle2
1616125985160, 0,0,Obstacle2
1616125985171, 0,0,Obstacle2
1616125985183, 0,0,Obstacle2
1616125985194, 0,0,Obstacle2
1616125985203, 0,0,Obstacle2
1616125985211, 0,0,Obstacle2
1616125985222, 0,0,Obstacle2
1616125985231, 0,0,Obstacle2
1616125985244, 0,0,Obstacle2
1616125985265, 0,0,Obstacle2
1616125985281, 0,0,Obstacle2
1616125985290, 0,0,Obstacle2
1616125985299, 0,0,Obstacle2
1616125985308, 0,0,Obstacle2
1616125985316, 0,0,Obstacle2
1616125985325, 0,0,Obstacle2
1616125985335, 0,0,Obstacle2
1616125985352, 0,0,Obstacle2
1616125985360, 0,0,Obstacle2
1616125985371, 0,0,Obstacle2
1616125985379, 0,0,Obstacle2
1616125985388, 0,0,Obstacle2
1616125985399, 0,0,Obstacle2
1616125985419, 0,0,Obstacle2
1616125985430, 0,0,Obstacle2
1616125985440, 0,0,Obstacle2
1616125985449, 0,0,Obstacle2
1616125985457, 0,0,Obstacle2
1616125985465, 0,0,Obstacle2
1616125985477, 0,0,Obstacle2
1616125985486, 0,0,Obstacle2
1616125985494, 0,0,Obstacle2
1616125985505, 0,0,Obstacle2
1616125985513, 0,0,Obstacle2
1616125985521, 0,0,Obstacle2
1616125985529, 0,0,Obstacle2
1616125985537, 0,0,Obstacle2
1616125985553, 0,0,Obstacle2
1616125985569, 0,0,Obstacle2
1616125985577, 0,0,Obstacle2
1616125985586, 0,0,Obstacle2
1616125985594, 0,0,Obstacle2
1616125985602, 0,0,Obstacle2
1616125985610, 0,0,Obstacle2
1616125985618, 0,0,Obstacle2
1616125985627, 0,0,Obstacle2
1616125985637, 0,0,Obstacle2
1616125985646, 0,0,Obstacle2
1616125985654, 0,0,Obstacle2
1616125985663, 0,0,Obstacle2
1616125985671, 0,0,Obstacle2
1616125985685, 0,0,Obstacle2
1616125985693, 0,0,Obstacle2
1616125985702, 0,0,Obstacle2
1616125985713, 0,0,Obstacle2
1616125985724, 0,0,Obstacle2
1616125985734, 0,0,Obstacle2
1616125985754, 0,0,Obstacle2
1616125985765, 0,0,Obstacle2
1616125985776, 0,0,Obstacle2
1616125985788, 0,0,Obstacle2
1616125985801, 0,0,Obstacle2
1616125985813, 0,0,Obstacle2
1616125985822, 0,0,Obstacle2
1616125985834, 0,0,Obstacle2
1616125985844, 0,0,Obstacle2
1616125985852, 0,0,Obstacle2
1616125985864, 0,0,Obstacle2
1616125985872, 0,0,Obstacle2
1616125985884, 0,0,Obstacle2
1616125985893, 0,0,Obstacle2
1616125985902, 0,0,Obstacle2
1616125985910, 0,0,Obstacle2
1616125985918, 0,0,Obstacle2
1616125985927, 0,0,Obstacle2
1616125985935, 0,0,Obstacle2
1616125985951, 0,0,Obstacle2
1616125985959, 0,0,Obstacle2
1616125985968, 0,0,Obstacle2
1616125985976, 0,0,Obstacle2
1616125985984, 0,0,Obstacle2
1616125985993, 0,0,Obstacle2
1616125986002, 0,0,Obstacle2
1616125986010, 0,0,Obstacle2
1616125986018, 0,0,Obstacle2
1616125986027, 0,0,Obstacle2
1616125986035, 0,0,Obstacle2
1616125986043, 0,0,Obstacle2
1616125986051, 0,0,Obstacle2
1616125986060, 0,0,Obstacle2
1616125986069, 0,0,Obstacle2
1616125986077, 0,0,Obstacle2
1616125986090, 0,0,Obstacle2
1616125986099, 0,0,Obstacle2
1616125986108, 0,0,Obstacle2
1616125986123, 0,0,Obstacle2
1616125986132, 0,0,Obstacle2
1616125986140, 0,0,Obstacle2
1616125986148, 0,0,Obstacle2
1616125986156, 0,0,Obstacle2
1616125986165, 0,0,Obstacle2
1616125986174, 0,0,Obstacle2
1616125986183, 0,0,Obstacle2
1616125986190, 0,0,Obstacle2
1616125986198, 0,0,Obstacle2
1616125986208, 0,0,Obstacle2
1616125986216, 0,0,Obstacle2
1616125986227, 0,0,Obstacle2
1616125986236, 0,0,Obstacle2
1616125986245, 0,0,Obstacle2
1616125986253, 0,0,Obstacle2
1616125986261, 0,0,Obstacle2
1616125986269, 0,0,Obstacle2
1616125986278, 0,0,Obstacle2
1616125986299, 0,0,Obstacle2
1616125986307, 0,0,Obstacle2
1616125986315, 0,0,Obstacle2
1616125986324, 0,0,Obstacle2
1616125986332, 0,0,Obstacle2
1616125986343, 0,0,Obstacle2
1616125986354, 0,0,Obstacle2
1616125986367, 0,0,Obstacle2
1616125986378, 0,0,Obstacle2
1616125986389, 0,0,Obstacle2
1616125986400, 0,0,Obstacle2
1616125986411, 0,0,Obstacle2
1616125986423, 0,0,Obstacle2
1616125986435, 0,0,Obstacle2
1616125986447, 0,0,Obstacle2
1616125986460, 0,0,Obstacle2
1616125986471, 0,0,Obstacle2
1616125986482, 0,0,Obstacle2
1616125986506, 0,0,Obstacle2
1616125986526, 0,0,Obstacle2
1616125986537, 0,0,Obstacle2
1616125986549, 0,0,Obstacle2
1616125986560, 0,0,Obstacle2
1616125986571, 0,0,Obstacle2
1616125986583, 0,0,Obstacle2
1616125986594, 0,0,Obstacle2
1616125986605, 0,0,Obstacle2
1616125986617, 0,0,Obstacle2
1616125986630, 0,0,Obstacle2
1616125986642, 0,0,Obstacle2
1616125986661, 0,0,Obstacle2
1616125986672, 0,0,Obstacle2
1616125986684, 0,0,Obstacle2
1616125986699, 0,0,Obstacle2
1616125986711, 0,0,Obstacle2
1616125986722, 0,0,Obstacle2
1616125986742, 0,0,Obstacle2
1616125986753, 0,0,Obstacle2
1616125986764, 0,0,Obstacle2
1616125986776, 0,0,Obstacle2
1616125986787, 0,0,Obstacle2
1616125986799, 0,0,Obstacle2
1616125986818, 0,0,Obstacle2
1616125986829, 0,0,Obstacle2
1616125986839, 0,0,Obstacle2
1616125986850, 0,0,Obstacle2
1616125986860, 0,0,Obstacle2
1616125986872, 0,0,Obstacle2
1616125986883, 0,0,Obstacle2
1616125986894, 0,0,Obstacle2
1616125986909, 0,0,Obstacle2
1616125986920, 0,0,Obstacle2
1616125986929, 0,0,Obstacle2
1616125986939, 0,0,Obstacle2
1616125986956, 0,0,Obstacle2
1616125986972, 0,0,Obstacle2
1616125986981, 0,0,Obstacle2
1616125986990, 0,0,Obstacle2
1616125986998, 0,0,Obstacle2
1616125987007, 0,0,Obstacle2
1616125987015, 0,0,Obstacle2
1616125987023, 0,0,Obstacle2
1616125987034, 0,0,Obstacle2
1616125987042, 0,0,Obstacle2
1616125987051, 0,0,Obstacle2
1616125987059, 0,0,Obstacle2
1616125987068, 0,0,Obstacle2
1616125987076, 0,0,Obstacle2
1616125987085, 0,0,Obstacle2
1616125987093, 0,0,Obstacle2
1616125987102, 0,0,Obstacle2
1616125987116, 0,0,Obstacle2
1616125987132, 0,0,Obstacle2
1616125987140, 0,0,Obstacle2
1616125987148, 0,0,Obstacle2
1616125987160, 0,0,Obstacle2
1616125987172, 0,0,Obstacle2
1616125987183, 0,0,Obstacle2
1616125987194, 0,0,Obstacle2
1616125987206, 0,0,Obstacle2
1616125987217, 0,0,Obstacle2
1616125987229, 0,0,Obstacle2
1616125987244, 0,0,Obstacle2
1616125987255, 0,0,Obstacle2
1616125987267, 0,0,Obstacle2
1616125987287, 0,0,Obstacle2
1616125987299, 0,0,Obstacle2
1616125987311, 0,0,Obstacle2
1616125987328, 0,0,Obstacle2
1616125987347, 0,0,Obstacle2
1616125987358, 0,0,Obstacle2
1616125987371, 0,0,Obstacle2
1616125987383, 0,0,Obstacle2
1616125987394, 0,0,Obstacle2
1616125987406, 0,0,Obstacle2
1616125987419, 0,0,Obstacle2
1616125987439, 0,0,Obstacle2
1616125987451, 0,0,Obstacle2
1616125987461, 0,0,Obstacle2
1616125987473, 0,0,Obstacle2
1616125987484, 0,0,Obstacle2
1616125987496, 0,0,Obstacle2
1616125987508, 0,0,Obstacle2
1616125987519, 0,0,Obstacle2
1616125987536, 0,0,Obstacle2
1616125987552, 0,0,Obstacle2
1616125987561, 0,0,Obstacle2
1616125987569, 0,0,Obstacle2
1616125987586, 0,0,Obstacle2
1616125987594, 0,0,Obstacle2
1616125987602, 0,0,Obstacle2
1616125987611, 0,0,Obstacle2
1616125987620, 0,0,Obstacle2
1616125987629, 0,0,Obstacle2
1616125987638, 0,0,Obstacle2
1616125987647, 0,0,Obstacle2
1616125987655, 0,0,Obstacle2
1616125987663, 0,0,Obstacle2
1616125987671, 0,0,Obstacle2
1616125987681, 0,0,Obstacle2
1616125987689, 0,0,Obstacle2
1616125987701, 0,0,Obstacle2
1616125987721, 0,0,Obstacle2
1616125987747, 0,0,Obstacle2
1616125987758, 0,0,Obstacle2
1616125987769, 0,0,Obstacle2
1616125987780, 0,0,Obstacle2
1616125987792, 0,0,Obstacle2
1616125987805, 0,0,Obstacle2
1616125987816, 0,0,Obstacle2
1616125987828, 0,0,Obstacle2
1616125987839, 0,0,Obstacle2
1616125987851, 0,0,Obstacle2
1616125987862, 0,0,Obstacle2
1616125987874, 0,0,Obstacle2
1616125987895, 0,0,Obstacle2
1616125987906, 0,0,Obstacle2
1616125987917, 0,0,Obstacle2
1616125987937, 0,0,Obstacle2
1616125987953, 0,0,Obstacle2
1616125987964, 0,0,Obstacle2
1616125987975, 0,0,Obstacle2
1616125987987, 0,0,Obstacle2
1616125987999, 0,0,Obstacle2
1616125988011, 0,0,Obstacle2
1616125988022, 0,0,Obstacle2
1616125988034, 0,0,Obstacle2
1616125988054, 0,0,Obstacle2
1616125988065, 0,0,Obstacle2
1616125988077, 0,0,Obstacle2
1616125988088, 0,0,Obstacle2
1616125988099, 0,0,Obstacle2
1616125988110, 0,0,Obstacle2
1616125988123, 0,0,Obstacle2
1616125988142, 0,0,Obstacle2
1616125988158, 0,0,Obstacle2
1616125988169, 0,0,Obstacle2
1616125988180, 0,0,Obstacle2
1616125988192, 0,0,Obstacle2
1616125988208, 0,0,Obstacle2
1616125988216, 0,0,Obstacle2
1616125988225, 0,0,Obstacle2
1616125988233, 0,0,Obstacle2
1616125988241, 0,0,Obstacle2
1616125988249, 0,0,Obstacle2
1616125988258, 0,0,Obstacle2
1616125988266, 0,0,Obstacle2
1616125988274, 0,0,Obstacle2
1616125988283, 0,0,Obstacle2
1616125988292, 0,0,Obstacle2
1616125988301, 0,0,Obstacle2
1616125988317, 0,0,Obstacle2
1616125988326, 0,0,Obstacle2
1616125988335, 0,0,Obstacle2
1616125988344, 0,0,Obstacle2
1616125988359, 0,0,Obstacle2
1616125988371, 0,0,Obstacle2
1616125988383, 0,0,Obstacle2
1616125988395, 0,0,Obstacle2
1616125988407, 0,0,Obstacle2
1616125988422, 0,0,Obstacle2
1616125988434, 0,0,Obstacle2
1616125988446, 0,0,Obstacle2
1616125988457, 0,0,Obstacle2
1616125988468, 0,0,Obstacle2
1616125988480, 0,0,Obstacle2
1616125988493, 0,0,Obstacle2
1616125988513, 0,0,Obstacle2
1616125988535, 0,0,Obstacle2
1616125988547, 0,0,Obstacle2
1616125988565, 0,0,Obstacle2
1616125988578, 0,0,Obstacle2
1616125988591, 0,0,Obstacle2
1616125988603, 0,0,Obstacle2
1616125988616, 0,0,Obstacle2
1616125988629, 0,0,Obstacle2
1616125988641, 0,0,Obstacle2
1616125988653, 0,0,Obstacle2
1616125988667, 0,0,Obstacle2
1616125988689, 0,0,Obstacle2
1616125988701, 0,0,Obstacle2
1616125988711, 0,0,Obstacle2
1616125988731, 0,0,Obstacle2
1616125988742, 0,0,Obstacle2
1616125988753, 0,0,Obstacle2
1616125988770, 0,0,Obstacle2
1616125988779, 0,0,Obstacle2
1616125988787, 0,0,Obstacle2
1616125988795, 0,0,Obstacle2
1616125988804, 0,0,Obstacle2
1616125988813, 0,0,Obstacle2
1616125988822, 0,0,Obstacle2
1616125988838, 0,0,Obstacle2
1616125988847, 0,0,Obstacle2
1616125988854, 0,0,Obstacle2
1616125988863, 0,0,Obstacle2
1616125988872, 0,0,Obstacle2
1616125988880, 0,0,Obstacle2
1616125988896, 0,0,Obstacle2
1616125988905, 0,0,Obstacle2
1616125988913, 0,0,Obstacle2
1616125988924, 0,0,Obstacle2
1616125988936, 0,0,Obstacle2
1616125988948, 0,0,Obstacle2
1616125988959, 0,0,Obstacle2
1616125988976, 0,0,Obstacle2
1616125988998, 0,0,Obstacle2
1616125989011, 0,0,Obstacle2
1616125989024, 0,0,Obstacle2
1616125989037, 0,0,Obstacle2
1616125989050, 0,0,Obstacle2
1616125989064, 0,0,Obstacle2
1616125989077, 0,0,Obstacle2
1616125989089, 0,0,Obstacle2
1616125989112, 0,0,Obstacle2
1616125989125, 0,0,Obstacle2
1616125989138, 0,0,Obstacle2
1616125989158, 0,0,Obstacle2
1616125989171, 0,0,Obstacle2
1616125989189, 0,0,Obstacle2
1616125989202, 0,0,Obstacle2
1616125989215, 0,0,Obstacle2
1616125989228, 0,0,Obstacle2
1616125989239, 0,0,Obstacle2
1616125989252, 0,0,Obstacle2
1616125989264, 0,0,Obstacle2
1616125989275, 0,0,Obstacle2
1616125989287, 0,0,Obstacle2
1616125989301, 0,0,Obstacle2
1616125989328, 0,0,Obstacle2
1616125989338, 0,0,Obstacle2
1616125989347, 0,0,Obstacle2
1616125989356, 0,0,Obstacle2
1616125989366, 0,0,Obstacle2
1616125989376, 0,0,Obstacle2
1616125989389, 0,0,Obstacle2
1616125989398, 0,0,Obstacle2
1616125989407, 0,0,Obstacle2
1616125989419, 0,0,Obstacle2
1616125989429, 0,0,Obstacle2
1616125989439, 0,0,Obstacle2
1616125989448, 0,0,Obstacle2
1616125989458, 0,0,Obstacle2
1616125989477, 0,0,Obstacle2
1616125989497, 0,0,Obstacle2
1616125989509, 0,0,Obstacle2
1616125989522, 0,0,Obstacle2
1616125989534, 0,0,Obstacle2
1616125989548, 0,0,Obstacle2
1616125989562, 0,0,Obstacle2
1616125989577, 0,0,Obstacle2
1616125989596, 0,0,Obstacle2
1616125989610, 0,0,Obstacle2
1616125989631, 0,0,Obstacle2
1616125989645, 0,0,Obstacle2
1616125989659, 0,0,Obstacle2
1616125989671, 0,0,Obstacle2
1616125989685, 0,0,Obstacle2
1616125989698, 0,0,Obstacle2
1616125989718, 0,0,Obstacle2
1616125989731, 0,0,Obstacle2
1616125989746, 0,0,Obstacle2
1616125989755, 0,0,Obstacle2
1616125989764, 0,0,Obstacle2
1616125989784, 0,0,Obstacle2
1616125989798, 0,0,Obstacle2
1616125989810, 0,0,Obstacle2
1616125989819, 0,0,Obstacle2
1616125989827, 0,0,Obstacle2
1616125989837, 0,0,Obstacle2
1616125989847, 0,0,Obstacle2
1616125989856, 0,0,Obstacle2
1616125989866, 0,0,Obstacle2
1616125989875, 0,0,Obstacle2
1616125989892, 0,0,Obstacle2
1616125989901, 0,0,Obstacle2
1616125989910, 0,0,Obstacle2
1616125989919, 0,0,Obstacle2
1616125989934, 0,0,Obstacle2
1616125989943, 0,0,Obstacle2
1616125989951, 0,0,Obstacle2
1616125989960, 0,0,Obstacle2
1616125989968, 0,0,Obstacle2
1616125989976, 0,0,Obstacle2
1616125989985, 0,0,Obstacle2
1616125989999, 0,0,Obstacle2
1616125990007, 0,0,Obstacle2
1616125990016, 0,0,Obstacle2
1616125990025, 0,0,Obstacle2
1616125990041, 0,0,Obstacle2
1616125990049, 0,0,Obstacle2
1616125990061, 0,0,Obstacle2
1616125990070, 0,0,Obstacle2
1616125990079, 0,0,Obstacle2
1616125990087, 0,0,Obstacle2
1616125990095, 0,0,Obstacle2
1616125990103, 0,0,Obstacle2
1616125990112, 0,0,Obstacle2
1616125990120, 0,0,Obstacle2
1616125990128, 0,0,Obstacle2
1616125990137, 0,0,Obstacle2
1616125990146, 0,0,Obstacle2
1616125990154, 0,0,Obstacle2
1616125990162, 0,0,Obstacle2
1616125990179, 0,0,Obstacle2
1616125990188, 0,0,Obstacle2
1616125990202, 0,0,Obstacle2
1616125990212, 0,0,Obstacle2
1616125990221, 0,0,Obstacle2
1616125990230, 0,0,Obstacle2
1616125990240, 0,0,Obstacle2
1616125990249, 0,0,Obstacle2
1616125990257, 0,0,Obstacle2
1616125990267, 0,0,Obstacle2
1616125990276, 0,0,Obstacle2
1616125990285, 0,0,Obstacle2
1616125990295, 0,0,Obstacle2
1616125990305, 0,0,Obstacle2
1616125990314, 0,0,Obstacle2
1616125990330, 0,0,Obstacle2
1616125990339, 0,0,Obstacle2
1616125990349, 0,0,Obstacle2
1616125990358, 0,0,Obstacle2
1616125990368, 0,0,Obstacle2
1616125990376, 0,0,Obstacle2
1616125990385, 0,0,Obstacle2
1616125990394, 0,0,Obstacle2
1616125990408, 0,0,Obstacle2
1616125990417, 0,0,Obstacle2
1616125990427, 0,0,Obstacle2
1616125990436, 0,0,Obstacle2
1616125990446, 0,0,Obstacle2
1616125990455, 0,0,Obstacle2
1616125990463, 0,0,Obstacle2
1616125990481, 0,0,Obstacle2
1616125990489, 0,0,Obstacle2
1616125990498, 0,0,Obstacle2
1616125990506, 0,0,Obstacle2
1616125990515, 0,0,Obstacle2
1616125990523, 0,0,Obstacle2
1616125990532, 0,0,Obstacle2
1616125990540, 0,0,Obstacle2
1616125990549, 0,0,Obstacle2
1616125990557, 0,0,Obstacle2
1616125990566, 0,0,Obstacle2
1616125990575, 0,0,Obstacle2
1616125990583, 0,0,Obstacle2
1616125990591, 0,0,Obstacle2
1616125990599, 0,0,Obstacle2
1616125990620, 0,0,Obstacle2
1616125990629, 0,0,Obstacle2
1616125990637, 0,0,Obstacle2
1616125990645, 0,0,Obstacle2
1616125990654, 0,0,Obstacle2
1616125990662, 0,0,Obstacle2
1616125990671, 0,0,Obstacle2
1616125990680, 0,0,Obstacle2
1616125990688, 0,0,Obstacle2
1616125990697, 0,0,Obstacle2
1616125990705, 0,0,Obstacle2
1616125990713, 0,0,Obstacle2
1616125990721, 0,0,Obstacle2
1616125990730, 0,0,Obstacle2
1616125990739, 0,0,Obstacle2
1616125990748, 0,0,Obstacle2
1616125990764, 0,0,Obstacle2
1616125990773, 0,0,Obstacle2
1616125990782, 0,0,Obstacle2
1616125990790, 0,0,Obstacle2
1616125990798, 0,0,Obstacle2
1616125990807, 0,0,Obstacle2
1616125990820, 0,0,Obstacle2
1616125990829, 0,0,Obstacle2
1616125990837, 0,0,Obstacle2
1616125990846, 0,0,Obstacle2
1616125990854, 0,0,Obstacle2
1616125990864, 0,0,Obstacle2
1616125990872, 0,0,Obstacle2
1616125990880, 0,0,Obstacle2
1616125990897, 0,0,Obstacle2
1616125990905, 0,0,Obstacle2
1616125990914, 0,0,Obstacle2
1616125990922, 0,0,Obstacle2
1616125990931, 0,0,Obstacle2
1616125990939, 0,0,Obstacle2
1616125990947, 0,0,Obstacle2
1616125990957, 0,0,Obstacle2
1616125990966, 0,0,Obstacle2
1616125990974, 0,0,Obstacle2
1616125990983, 0,0,Obstacle2
1616125990992, 0,0,Obstacle2
1616125991001, 0,0,Obstacle2
1616125991010, 0,0,Obstacle2
1616125991023, 0,0,Obstacle2
1616125991039, 0,0,Obstacle2
1616125991047, 0,0,Obstacle2
1616125991056, 0,0,Obstacle2
1616125991064, 0,0,Obstacle2
1616125991073, 0,0,Obstacle2
1616125991081, 0,0,Obstacle2
1616125991090, 0,0,Obstacle2
1616125991099, 0,0,Obstacle2
1616125991107, 0,0,Obstacle2
1616125991116, 0,0,Obstacle2
1616125991124, 0,0,Obstacle2
1616125991133, 0,0,Obstacle2
1616125991141, 0,0,Obstacle2
1616125991150, 0,0,Obstacle2
1616125991166, 0,0,Obstacle2
1616125991174, 0,0,Obstacle2
1616125991183, 0,0,Obstacle2
1616125991191, 0,0,Obstacle2
1616125991200, 0,0,Obstacle2
1616125991208, 0,0,Obstacle2
1616125991216, 0,0,Obstacle2
1616125991229, 0,0,Obstacle2
1616125991239, 0,0,Obstacle2
1616125991247, 0,0,Obstacle2
1616125991256, 0,0,Obstacle2
1616125991264, 0,0,Obstacle2
1616125991272, 0,0,Obstacle2
1616125991280, 0,0,Obstacle2
1616125991297, 0,0,Obstacle2
1616125991306, 0,0,Obstacle2
1616125991314, 0,0,Obstacle2
1616125991323, 0,0,Obstacle2
1616125991331, 0,0,Obstacle2
1616125991339, 0,0,Obstacle2
1616125991348, 0,0,Obstacle2
1616125991356, 0,0,Obstacle2
1616125991366, 0,0,Obstacle2
1616125991375, 0,0,Obstacle2
1616125991383, 0,0,Obstacle2
1616125991392, 0,0,Obstacle2
1616125991400, 0,0,Obstacle2
1616125991409, 0,0,Obstacle2
1616125991424, 0,0,Obstacle2
1616125991438, 0,0,Obstacle2
1616125991447, 0,0,Obstacle2
1616125991457, 0,0,Obstacle2
1616125991466, 0,0,Obstacle2
1616125991475, 0,0,Obstacle2
1616125991484, 0,0,Obstacle2
1616125991494, 0,0,Obstacle2
1616125991503, 0,0,Obstacle2
1616125991511, 0,0,Obstacle2
1616125991520, 0,0,Obstacle2
1616125991530, 0,0,Obstacle2
1616125991539, 0,0,Obstacle2
1616125991548, 0,0,Obstacle2
1616125991564, 0,0,Obstacle2
1616125991573, 0,0,Obstacle2
1616125991581, 0,0,Obstacle2
1616125991590, 0,0,Obstacle2
1616125991598, 0,0,Obstacle2
1616125991607, 0,0,Obstacle2
1616125991615, 0,0,Obstacle2
1616125991623, 0,0,Obstacle2
1616125991632, 0,0,Obstacle2
1616125991645, 0,0,Obstacle2
1616125991653, 0,0,Obstacle2
1616125991662, 0,0,Obstacle2
1616125991671, 0,0,Obstacle2
1616125991680, 0,0,Obstacle2
1616125991696, 0,0,Obstacle2
1616125991705, 0,0,Obstacle2
1616125991714, 0,0,Obstacle2
1616125991722, 0,0,Obstacle2
1616125991730, 0,0,Obstacle2
1616125991740, 0,0,Obstacle2
1616125991749, 0,0,Obstacle2
1616125991757, 0,0,Obstacle2
1616125991765, 0,0,Obstacle2
1616125991774, 0,0,Obstacle2
1616125991783, 0,0,Obstacle2
1616125991791, 0,0,Obstacle2
1616125991801, 0,0,Obstacle2
1616125991810, 0,0,Obstacle2
1616125991826, 0,0,Obstacle2
1616125991834, 0,0,Obstacle2
1616125991849, 0,0,Obstacle2
1616125991857, 0,0,Obstacle2
1616125991866, 0,0,Obstacle2
1616125991874, 0,0,Obstacle2
1616125991882, 0,0,Obstacle2
1616125991891, 0,0,Obstacle2
1616125991900, 0,0,Obstacle2
1616125991908, 0,0,Obstacle2
1616125991917, 0,0,Obstacle2
1616125991927, 0,0,Obstacle2
1616125991935, 0,0,Obstacle2
1616125991944, 0,0,Obstacle2
1616125991961, 0,0,Obstacle2
1616125991970, 0,0,Obstacle2
1616125991978, 0,0,Obstacle2
1616125991986, 0,0,Obstacle2
1616125991996, 0,0,Obstacle2
1616125992005, 0,0,Obstacle2
1616125992013, 0,0,Obstacle2
1616125992021, 0,0,Obstacle2
1616125992029, 0,0,Obstacle2
1616125992038, 0,0,Obstacle2
1616125992051, 0,0,Obstacle2
1616125992060, 0,0,Obstacle2
1616125992069, 0,0,Obstacle2
1616125992077, 0,0,Obstacle2
1616125992093, 0,0,Obstacle2
1616125992101, 0,0,Obstacle2
1616125992109, 0,0,Obstacle2
1616125992118, 0,0,Obstacle2
1616125992127, 0,0,Obstacle2
1616125992136, 0,0,Obstacle2
1616125992145, 0,0,Obstacle2
1616125992153, 0,0,Obstacle2
1616125992161, 0,0,Obstacle2
1616125992170, 0,0,Obstacle2
1616125992179, 0,0,Obstacle2
1616125992188, 0,0,Obstacle2
1616125992196, 0,0,Obstacle2
1616125992212, 0,0,Obstacle2
1616125992220, 0,0,Obstacle2
1616125992229, 0,0,Obstacle2
1616125992237, 0,0,Obstacle2
1616125992247, 0,0,Obstacle2
1616125992261, 0,0,Obstacle2
1616125992270, 0,0,Obstacle2
1616125992279, 0,0,Obstacle2
1616125992287, 0,0,Obstacle2
1616125992297, 0,0,Obstacle2
1616125992306, 0,0,Obstacle2
1616125992314, 0,0,Obstacle2
1616125992323, 0,0,Obstacle2
1616125992331, 0,0,Obstacle2
1616125992348, 0,0,Obstacle2
1616125992357, 0,0,Obstacle2
1616125992368, 0,0,Obstacle2
1616125992376, 0,0,Obstacle2
1616125992385, 0,0,Obstacle2
1616125992396, 0,0,Obstacle2
1616125992406, 0,0,Obstacle2
1616125992416, 0,0,Obstacle2
1616125992427, 0,0,Obstacle2
1616125992436, 0,0,Obstacle2
1616125992445, 0,0,Obstacle2
1616125992453, 0,0,Obstacle2
1616125992465, 0,0,Obstacle2
1616125992481, 0,0,Obstacle2
1616125992491, 0,0,Obstacle2
1616125992500, 0,0,Obstacle2
1616125992508, 0,0,Obstacle2
1616125992516, 0,0,Obstacle2
1616125992525, 0,0,Obstacle2
1616125992533, 0,0,Obstacle2
1616125992543, 0,0,Obstacle2
1616125992552, 0,0,Obstacle2
1616125992561, 0,0,Obstacle2
1616125992570, 0,0,Obstacle2
1616125992578, 0,0,Obstacle2
1616125992587, 0,0,Obstacle2
1616125992603, 0,0,Obstacle2
1616125992611, 0,0,Obstacle2
1616125992619, 0,0,Obstacle2
1616125992627, 0,0,Obstacle2
1616125992636, 0,0,Obstacle2
1616125992644, 0,0,Obstacle2
1616125992653, 0,0,Obstacle2
1616125992661, 0,0,Obstacle2
1616125992673, 0,0,Obstacle2
1616125992682, 0,0,Obstacle2
1616125992690, 0,0,Obstacle2
1616125992699, 0,0,Obstacle2
1616125992708, 0,0,Obstacle2
1616125992725, 0,0,Obstacle2
1616125992734, 0,0,Obstacle2
1616125992743, 0,0,Obstacle2
1616125992752, 0,0,Obstacle2
1616125992760, 0,0,Obstacle2
1616125992769, 0,0,Obstacle2
1616125992778, 0,0,Obstacle2
1616125992786, 0,0,Obstacle2
1616125992794, 0,0,Obstacle2
1616125992802, 0,0,Obstacle2
1616125992811, 0,0,Obstacle2
1616125992819, 0,0,Obstacle2
1616125992828, 0,0,Obstacle2
1616125992843, 0,0,Obstacle2
1616125992851, 0,0,Obstacle2
1616125992861, 0,0,Obstacle2
1616125992874, 0,0,Obstacle2
1616125992883, 0,0,Obstacle2
1616125992892, 0,0,Obstacle2
1616125992900, 0,0,Obstacle2
1616125992909, 0,0,Obstacle2
1616125992917, 0,0,Obstacle2
1616125992927, 0,0,Obstacle2
1616125992935, 0,0,Obstacle2
1616125992944, 0,0,Obstacle2
1616125992961, 0,0,Obstacle2
1616125992970, 0,0,Obstacle2
1616125992978, 0,0,Obstacle2
1616125992986, 0,0,Obstacle2
1616125992995, 0,0,Obstacle2
1616125993004, 0,0,Obstacle2
1616125993012, 0,0,Obstacle2
1616125993021, 0,0,Obstacle2
1616125993030, 0,0,Obstacle2
1616125993038, 0,0,Obstacle2
1616125993048, 0,0,Obstacle2
1616125993056, 0,0,Obstacle2
1616125993065, 0,0,Obstacle2
1616125993085, 0,0,Obstacle2
1616125993093, 0,0,Obstacle2
1616125993101, 0,0,Obstacle2
1616125993109, 0,0,Obstacle2
1616125993118, 0,0,Obstacle2
1616125993127, 0,0,Obstacle2
1616125993136, 0,0,Obstacle2
1616125993145, 0,0,Obstacle2
1616125993154, 0,0,Obstacle2
1616125993162, 0,0,Obstacle2
1616125993170, 0,0,Obstacle2
1616125993180, 0,0,Obstacle2
1616125993189, 0,0,Obstacle2
1616125993205, 0,0,Obstacle2
1616125993213, 0,0,Obstacle2
1616125993221, 0,0,Obstacle2
1616125993230, 0,0,Obstacle2
1616125993239, 0,0,Obstacle2
1616125993249, 0,0,Obstacle2
1616125993258, 0,0,Obstacle2
1616125993266, 0,0,Obstacle2
1616125993299, 0,0,Obstacle2
1616125993310, 0,0,Obstacle2
1616125993320, 0,0,Obstacle2
1616125993332, 0,0,Obstacle2
1616125993342, 0,0,Obstacle2
1616125993359, 0,0,Obstacle2
1616125993368, 0,0,Obstacle2
1616125993376, 0,0,Obstacle2
1616125993385, 0,0,Obstacle2
1616125993394, 0,0,Obstacle2
1616125993406, 0,0,Obstacle2
1616125993418, 0,0,Obstacle2
1616125993430, 0,0,Obstacle2
1616125993441, 0,0,Obstacle2
1616125993453, 0,0,Obstacle2
1616125993464, 0,0,Obstacle2
1616125993476, 0,0,Obstacle2
1616125993493, 0,0,Obstacle2
1616125993514, 0,0,Obstacle2
1616125993525, 0,0,Obstacle2
1616125993537, 0,0,Obstacle2
1616125993549, 0,0,Obstacle2
1616125993560, 0,0,Obstacle2
1616125993572, 0,0,Obstacle2
1616125993584, 0,0,Obstacle2
1616125993594, 0,0,Obstacle2
1616125993603, 0,0,Obstacle2
1616125993612, 0,0,Obstacle2
1616125993620, 0,0,Obstacle2
1616125993631, 0,0,Obstacle2
1616125993650, 0,0,Obstacle2
1616125993663, 0,0,Obstacle2
1616125993674, 0,0,Obstacle2
1616125993686, 0,0,Obstacle2
1616125993702, 0,0,Obstacle2
1616125993713, 0,0,Obstacle2
1616125993726, 0,0,Obstacle2
1616125993737, 0,0,Obstacle2
1616125993749, 0,0,Obstacle2
1616125993760, 0,0,Obstacle2
1616125993773, 0,0,Obstacle2
1616125993784, 0,0,Obstacle2
1616125993805, 0,0,Obstacle2
1616125993817, 0,0,Obstacle2
1616125993830, 0,0,Obstacle2
1616125993840, 0,0,Obstacle2
1616125993852, 0,0,Obstacle2
1616125993863, 0,0,Obstacle2
1616125993874, 0,0,Obstacle2
1616125993886, 0,0,Obstacle2
1616125993902, 0,0,Obstacle2
1616125993913, 0,0,Obstacle2
1616125993924, 0,0,Obstacle2
1616125993943, 0,0,Obstacle2
1616125993954, 0,0,Obstacle2
1616125993965, 0,0,Obstacle2
1616125993976, 0,0,Obstacle2
1616125993986, 0,0,Obstacle2
1616125993998, 0,0,Obstacle2
1616125994008, 0,0,Obstacle2
1616125994019, 0,0,Obstacle2
1616125994027, 0,0,Obstacle2
1616125994036, 0,0,Obstacle2
1616125994045, 0,0,Obstacle2
1616125994054, 0,0,Obstacle2
1616125994063, 0,0,Obstacle2
1616125994079, 0,0,Obstacle2
1616125994090, 0,0,Obstacle2
1616125994103, 0,0,Obstacle2
1616125994112, 0,0,Obstacle2
1616125994121, 0,0,Obstacle2
1616125994129, 0,0,Obstacle2
1616125994138, 0,0,Obstacle2
1616125994147, 0,0,Obstacle2
1616125994156, 0,0,Obstacle2
1616125994165, 0,0,Obstacle2
1616125994176, 0,0,Obstacle2
1616125994185, 0,0,Obstacle2
1616125994202, 0,0,Obstacle2
1616125994211, 0,0,Obstacle2
1616125994219, 0,0,Obstacle2
1616125994228, 0,0,Obstacle2
1616125994237, 0,0,Obstacle2
1616125994245, 0,0,Obstacle2
1616125994253, 0,0,Obstacle2
1616125994262, 0,0,Obstacle2
1616125994271, 0,0,Obstacle2
1616125994279, 0,0,Obstacle2
1616125994289, 0,0,Obstacle2
1616125994298, 0,0,Obstacle2
1616125994319, 0,0,Obstacle2
1616125994328, 0,0,Obstacle2
1616125994336, 0,0,Obstacle2
1616125994346, 0,0,Obstacle2
1616125994356, 0,0,Obstacle2
1616125994368, 0,0,Obstacle2
1616125994380, 0,0,Obstacle2
1616125994391, 0,0,Obstacle2
1616125994403, 0,0,Obstacle2
1616125994414, 0,0,Obstacle2
1616125994427, 0,0,Obstacle2
1616125994447, 0,0,Obstacle2
1616125994459, 0,0,Obstacle2
1616125994477, 0,0,Obstacle2
1616125994499, 0,0,Obstacle2
1616125994515, 0,0,Obstacle2
1616125994527, 0,0,Obstacle2
1616125994539, 0,0,Obstacle2
1616125994548, 0,0,Obstacle2
1616125994559, 0,0,Obstacle2
1616125994570, 0,0,Obstacle2
1616125994579, 0,0,Obstacle2
1616125994587, 0,0,Obstacle2
1616125994604, 0,0,Obstacle2
1616125994612, 0,0,Obstacle2
1616125994621, 0,0,Obstacle2
1616125994630, 0,0,Obstacle2
1616125994639, 0,0,Obstacle2
1616125994647, 0,0,Obstacle2
1616125994655, 0,0,Obstacle2
1616125994664, 0,0,Obstacle2
1616125994672, 0,0,Obstacle2
1616125994681, 0,0,Obstacle2
1616125994689, 0,0,Obstacle2
1616125994705, 0,0,Obstacle2
1616125994721, 0,0,Obstacle2
1616125994734, 0,0,Obstacle2
1616125994747, 0,0,Obstacle2
1616125994758, 0,0,Obstacle2
1616125994770, 0,0,Obstacle2
1616125994782, 0,0,Obstacle2
1616125994793, 0,0,Obstacle2
1616125994806, 0,0,Obstacle2
1616125994819, 0,0,Obstacle2
1616125994830, 0,0,Obstacle2
1616125994842, 0,0,Obstacle2
1616125994861, 0,0,Obstacle2
1616125994872, 0,0,Obstacle2
1616125994882, 0,0,Obstacle2
1616125994892, 0,0,Obstacle2
1616125994903, 0,0,Obstacle2
1616125994914, 0,0,Obstacle2
1616125994929, 0,0,Obstacle2
1616125994939, 0,0,Obstacle2
1616125994948, 0,0,Obstacle2
1616125994958, 0,0,Obstacle2
1616125994968, 0,0,Obstacle2
1616125994985, 0,0,Obstacle2
1616125994996, 0,0,Obstacle2
1616125995006, 0,0,Obstacle2
1616125995016, 0,0,Obstacle2
1616125995026, 0,0,Obstacle2
1616125995036, 0,0,Obstacle2
1616125995045, 0,0,Obstacle2
1616125995053, 0,0,Obstacle2
1616125995062, 0,0,Obstacle2
1616125995070, 0,0,Obstacle2
1616125995078, 0,0,Obstacle2
1616125995087, 0,0,Obstacle2
1616125995104, 0,0,Obstacle2
1616125995116, 0,0,Obstacle2
1616125995130, 0,0,Obstacle2
1616125995140, 0,0,Obstacle2
1616125995149, 0,0,Obstacle2
1616125995159, 0,0,Obstacle2
1616125995169, 0,0,Obstacle2
1616125995179, 0,0,Obstacle2
1616125995188, 0,0,Obstacle2
1616125995198, 0,0,Obstacle2
1616125995208, 0,0,Obstacle2
1616125995218, 0,0,Obstacle2
1616125995235, 0,0,Obstacle2
1616125995246, 0,0,Obstacle2
1616125995259, 0,0,Obstacle2
1616125995273, 0,0,Obstacle2
1616125995284, 0,0,Obstacle2
1616125995297, 0,0,Obstacle2
1616125995310, 0,0,Obstacle2
1616125995322, 0,0,Obstacle2
1616125995339, 0,0,Obstacle2
1616125995352, 0,0,Obstacle2
1616125995364, 0,0,Obstacle2
1616125995376, 0,0,Obstacle2
1616125995394, 0,0,Obstacle2
1616125995406, 0,0,Obstacle2
1616125995417, 0,0,Obstacle2
1616125995429, 0,0,Obstacle2
1616125995437, 0,0,Obstacle2
1616125995446, 0,0,Obstacle2
1616125995454, 0,0,Obstacle2
1616125995462, 0,0,Obstacle2
1616125995473, 0,0,Obstacle2
1616125995485, 0,0,Obstacle2
1616125995497, 0,0,Obstacle2
1616125995516, 0,0,Obstacle2
1616125995528, 0,0,Obstacle2
1616125995544, 0,0,Obstacle2
1616125995557, 0,0,Obstacle2
1616125995570, 0,0,Obstacle2
1616125995580, 0,0,Obstacle2
1616125995590, 0,0,Obstacle2
1616125995600, 0,0,Obstacle2
1616125995610, 0,0,Obstacle2
1616125995621, 0,0,Obstacle2
1616125995632, 0,0,Obstacle2
1616125995641, 0,0,Obstacle2
1616125995658, 0,0,Obstacle2
1616125995668, 0,0,Obstacle2
1616125995677, 0,0,Obstacle2
1616125995685, 0,0,Obstacle2
1616125995694, 0,0,Obstacle2
1616125995702, 0,0,Obstacle2
1616125995710, 0,0,Obstacle2
1616125995719, 0,0,Obstacle2
1616125995728, 0,0,Obstacle2
1616125995741, 0,0,Obstacle2
1616125995754, 0,0,Obstacle2
1616125995772, 0,0,Obstacle2
1616125995781, 0,0,Obstacle2
1616125995789, 0,0,Obstacle2
1616125995798, 0,0,Obstacle2
1616125995807, 0,0,Obstacle2
1616125995816, 0,0,Obstacle2
1616125995825, 0,0,Obstacle2
1616125995837, 0,0,Obstacle2
1616125995846, 0,0,Obstacle2
1616125995854, 0,0,Obstacle2
1616125995864, 0,0,Obstacle2
1616125995873, 0,0,Obstacle2
1616125995889, 0,0,Obstacle2
1616125995898, 0,0,Obstacle2
1616125995906, 0,0,Obstacle2
1616125995915, 0,0,Obstacle2
1616125995923, 0,0,Obstacle2
1616125995932, 0,0,Obstacle2
1616125995944, 0,0,Obstacle2
1616125995953, 0,0,Obstacle2
1616125995961, 0,0,Obstacle2
1616125995970, 0,0,Obstacle2
1616125995979, 0,0,Obstacle2
1616125995998, 0,0,Obstacle2

